,filename,time_difference
0,flevopark_11_audio1_2021-12-09_16-00-00_(1).flac,-654865.0
1,flevopark_1_audio1_1970-01-01_00-01-04_(32).flac,1631302134.0
2,flevopark_1_audio1_2021-12-09_20-46-20_(3).flac,-245317.0
3,flevopark_1_audio1_2021-12-26_16-00-00_(0).flac,-1699021.5
4,flevopark_1_audio1_2021-12-26_18-23-10_(1).flac,-1707611.5
5,flevopark_1_audio1_2021-12-26_20-46-20_(2).flac,-1714117.0
6,flevopark_1_audio1_2021-12-27_05-00-00_(3).flac,-1745821.5
7,artis_27_audio1_2021-12-14_18-23-11_(26).flac,19843647.5
8,artis_27_audio1_2021-12-14_20-46-21_(27).flac,19837142.5
9,artis_27_audio1_2021-12-15_05-00-00_(28).flac,19807213.85
10,artis_27_audio1_2021-12-15_16-00-00_(29).flac,19769453.6
11,artis_27_audio1_2021-12-16_05-00-00_(30).flac,19722900.1
12,artis_27_audio1_2021-12-16_16-00-00_(31).flac,19683729.3
13,flevopark_1_audio1_2021-12-16_16-00-00_(0).flac,-835021.5
14,flevopark_1_audio1_2021-12-16_18-23-10_(1).flac,-843611.5
15,flevopark_1_audio1_2021-12-16_20-46-20_(2).flac,-850117.0
16,flevopark_10_audio1_2021-12-17_16-00-00_(0).flac,-2231972.45
17,flevopark_10_audio1_2021-12-18_05-00-00_(1).flac,-2278569.55
18,flevopark_10_audio1_2021-12-20_16-00-00_(2).flac,-2490655.8
19,flevopark_10_audio1_2021-12-21_16-00-00_(3).flac,-2576970.1
20,flevopark_10_audio1_2021-12-22_16-00-00_(4).flac,-2663355.0
21,flevopark_10_audio1_2021-12-23_05-00-00_(5).flac,-2710153.1
22,flevopark_10_audio1_2021-12-23_16-00-00_(6).flac,-2749753.3
23,flevopark_10_audio1_2021-12-24_16-00-00_(7).flac,-2836176.5
24,flevopark_10_audio1_2021-12-25_05-00-00_(8).flac,-2882958.85
25,flevopark_11_audio1_2021-12-09_20-46-20_(33).flac,-674255.0
26,flevopark_11_audio1_2021-12-10_05-00-00_(34).flac,-705959.5
27,flevopark_11_audio1_2021-12-10_07-23-10_(35).flac,-713160.0
28,flevopark_11_audio1_2021-12-10_16-00-00_(36).flac,-745559.5
29,flevopark_11_audio1_2021-12-10_18-23-10_(37).flac,-754149.5
30,flevopark_1_audio1_2021-12-23_05-00-00_(30).flac,-1396360.6
31,flevopark_1_audio1_2021-12-23_16-00-00_(31).flac,-1435903.7
32,flevopark_1_audio1_2021-12-24_05-00-00_(32).flac,-1482705.6
33,flevopark_1_audio1_2021-12-24_16-00-00_(33).flac,-1522227.8
34,flevopark_1_audio1_2021-12-25_05-00-00_(34).flac,-1568920.95
35,flevopark_1_audio1_2021-12-25_16-00-00_(35).flac,-1608491.55
36,flevopark_1_audio1_2021-12-26_05-00-00_(36).flac,-1655240.2
37,flevopark_11_audio1_2021-12-31_16-00-00_(25).flac,-2559959.5
38,flevopark_11_audio1_2021-12-31_18-23-10_(26).flac,-2568549.5
39,flevopark_11_audio1_2021-12-31_20-46-21_(27).flac,-2575055.5
40,flevopark_11_audio1_2022-01-01_05-00-00_(28).flac,-2604957.2
41,flevopark_11_audio1_2022-01-01_16-00-00_(29).flac,-2642607.25
42,flevopark_11_audio1_2022-01-02_05-00-00_(30).flac,-2689203.45
43,flevopark_11_audio1_2022-01-02_16-00-00_(31).flac,-2728748.1
44,flevopark_11_audio1_2022-01-03_05-00-00_(32).flac,-2775473.75
45,flevopark_12_audio1_2021-12-09_16-00-00_(34).flac,-230221.5
46,flevopark_12_audio1_2021-12-09_18-23-10_(35).flac,-238811.5
47,flevopark_12_audio1_2021-12-09_20-46-20_(36).flac,-245317.0
48,flevopark_12_audio1_2021-12-10_05-00-00_(37).flac,-277021.5
49,flevopark_12_audio1_2021-12-10_07-23-10_(38).flac,-284222.0
50,flevopark_12_audio1_2021-12-10_16-00-00_(39).flac,-316621.5
51,flevopark_2_audio1_2021-12-16_16-00-00_(0).flac,-640921.5
52,flevopark_2_audio1_2021-12-16_18-23-10_(1).flac,-649511.5
53,flevopark_2_audio1_2021-12-16_20-46-20_(2).flac,-656017.0
54,flevopark_2_audio1_2021-12-17_05-00-00_(3).flac,-687721.5
55,flevopark_2_audio1_2021-12-17_07-23-10_(4).flac,-694922.0
56,flevopark_2_audio1_2021-12-21_16-00-00_(25).flac,-1072921.5
57,flevopark_2_audio1_2021-12-21_18-23-10_(26).flac,-1081511.5
58,flevopark_2_audio1_2021-12-21_20-46-20_(27).flac,-1088017.0
59,flevopark_2_audio1_2021-12-22_05-00-00_(28).flac,-1118820.05
60,flevopark_2_audio1_2021-12-22_16-00-00_(29).flac,-1155705.25
61,flevopark_2_audio1_2021-12-23_05-00-00_(30).flac,-1202242.2
62,flevopark_2_audio1_2021-12-23_16-00-00_(31).flac,-1241785.6
63,flevopark_2_audio1_2021-12-24_05-00-00_(32).flac,-1288578.0
64,flevopark_2_audio1_2021-12-24_16-00-00_(33).flac,-1328098.8
65,flevopark_2_audio1_2021-12-25_05-00-00_(34).flac,-1374807.1
66,flevopark_2_audio1_2021-12-25_16-00-00_(35).flac,-1414367.7
67,flevopark_2_audio1_2021-12-26_05-00-00_(36).flac,-1461144.95
68,flevopark_3_audio1_2021-12-16_16-00-00_(0).flac,-553360.5
69,flevopark_3_audio1_2021-12-16_18-23-10_(1).flac,-561950.5
70,flevopark_3_audio1_2021-12-16_20-46-20_(2).flac,-568456.0
71,flevopark_3_audio1_2021-12-17_05-00-00_(3).flac,-600160.5
72,flevopark_3_audio1_2021-12-17_07-23-10_(4).flac,-607361.0
73,flevopark_3_audio1_2021-12-17_16-00-00_(5).flac,-639760.5
74,flevopark_4_audio1_2021-12-09_16-00-00_(0).flac,-430669.5
75,flevopark_4_audio1_2021-12-09_18-23-10_(1).flac,-439259.5
76,flevopark_4_audio1_2021-12-09_20-46-20_(2).flac,-445765.0
77,flevopark_4_audio1_2021-12-10_05-00-00_(3).flac,-477469.5
78,flevopark_4_audio1_2021-12-10_07-23-10_(4).flac,-484670.0
79,flevopark_4_audio1_2021-12-10_16-00-00_(5).flac,-517069.5
80,flevopark_4_audio1_2021-12-10_18-23-10_(6).flac,-525659.5
81,flevopark_4_audio1_2021-12-10_20-46-20_(7).flac,-532165.0
82,flevopark_4_audio1_2021-12-11_05-00-00_(8).flac,-563869.5
83,flevopark_4_audio1_2021-12-11_07-23-10_(9).flac,-571070.0
84,flevopark_4_audio1_2021-12-11_16-00-00_(10).flac,-603469.5
85,flevopark_4_audio1_2021-12-11_18-23-10_(11).flac,-612059.5
86,flevopark_4_audio1_2021-12-11_20-46-20_(12).flac,-618565.0
87,flevopark_4_audio1_2021-12-12_05-00-00_(13).flac,-650269.5
88,flevopark_4_audio1_2021-12-12_07-23-10_(14).flac,-657470.0
89,flevopark_4_audio1_2021-12-12_16-00-00_(15).flac,-689869.5
90,flevopark_4_audio1_2021-12-12_18-23-10_(16).flac,-698459.5
91,flevopark_4_audio1_2021-12-12_20-46-20_(17).flac,-704965.0
92,flevopark_4_audio1_2021-12-13_05-00-00_(18).flac,-736669.5
93,flevopark_4_audio1_2021-12-13_07-23-10_(19).flac,-743870.0
94,flevopark_4_audio1_2021-12-13_16-00-00_(20).flac,-776269.5
95,flevopark_4_audio1_2021-12-13_18-23-10_(21).flac,-784859.5
96,flevopark_4_audio1_2021-12-13_20-46-20_(22).flac,-791365.0
97,flevopark_4_audio1_2021-12-14_05-00-00_(23).flac,-823069.5
98,flevopark_4_audio1_2021-12-14_07-23-10_(24).flac,-830270.0
99,flevopark_4_audio1_2021-12-14_16-00-00_(25).flac,-862669.5
100,flevopark_4_audio1_2021-12-14_18-23-10_(26).flac,-871259.5
101,flevopark_4_audio1_2021-12-14_20-46-21_(27).flac,-877765.5
102,flevopark_4_audio1_2021-12-15_05-00-00_(28).flac,-908108.35
103,flevopark_4_audio1_2021-12-15_16-00-00_(29).flac,-945474.5
104,flevopark_4_audio1_2021-12-16_05-00-00_(30).flac,-992030.3
105,flevopark_4_audio1_2021-12-16_16-00-00_(31).flac,-1035469.5
106,flevopark_4_audio1_2021-12-16_18-23-10_(32).flac,-1044059.5
107,flevopark_4_audio1_2021-12-16_20-46-20_(33).flac,-1050565.0
108,flevopark_4_audio1_2021-12-17_05-00-00_(34).flac,-1082269.5
109,flevopark_4_audio1_2021-12-17_07-23-10_(35).flac,-1089470.0
110,flevopark_4_audio1_2021-12-17_16-00-00_(36).flac,-1121869.5
111,flevopark_5_audio1_2021-12-16_16-00-00_(0).flac,-172565.5
112,flevopark_5_audio1_2021-12-16_18-23-10_(1).flac,-181155.5
113,flevopark_5_audio1_2021-12-16_20-46-20_(2).flac,-187661.0
114,flevopark_5_audio1_2021-12-17_05-00-00_(3).flac,-219365.5
115,flevopark_5_audio1_2021-12-17_07-23-10_(4).flac,-226566.0
116,flevopark_5_audio1_2021-12-21_16-00-00_(25).flac,-604565.5
117,flevopark_5_audio1_2021-12-21_18-23-11_(26).flac,-613156.5
118,flevopark_5_audio1_2021-12-21_20-46-21_(27).flac,-618432.1
119,flevopark_5_audio1_2021-12-22_05-00-00_(28).flac,-647705.65
120,flevopark_5_audio1_2021-12-22_16-00-00_(29).flac,-687149.9
121,flevopark_5_audio1_2021-12-23_05-00-00_(30).flac,-733896.85
122,flevopark_5_audio1_2021-12-23_16-00-00_(31).flac,-773400.05
123,flevopark_5_audio1_2021-12-24_05-00-00_(32).flac,-820229.55
124,flevopark_5_audio1_2021-12-24_16-00-00_(33).flac,-859734.05
125,flevopark_5_audio1_2021-12-25_05-00-00_(34).flac,-906468.0
126,flevopark_5_audio1_2021-12-25_16-00-00_(35).flac,-945975.95
127,flevopark_5_audio1_2021-12-26_05-00-00_(36).flac,-992717.0
128,flevopark_6_audio1_2021-12-09_16-00-00_(0).flac,-310187.5
129,flevopark_6_audio1_2021-12-09_18-23-10_(1).flac,-318777.5
130,flevopark_6_audio1_2021-12-09_20-46-20_(2).flac,-325283.0
131,flevopark_6_audio1_2021-12-10_05-00-00_(3).flac,-356987.5
132,flevopark_6_audio1_2021-12-10_07-23-10_(4).flac,-364188.0
133,flevopark_6_audio1_2021-12-10_16-00-00_(5).flac,-396587.5
134,flevopark_6_audio1_2021-12-10_18-23-10_(6).flac,-405177.5
135,flevopark_6_audio1_2021-12-10_20-46-20_(7).flac,-411683.0
136,flevopark_6_audio1_2021-12-11_05-00-00_(8).flac,-443387.5
137,flevopark_6_audio1_2021-12-11_07-23-10_(9).flac,-450588.0
138,flevopark_6_audio1_2021-12-11_16-00-00_(10).flac,-482987.5
139,flevopark_6_audio1_2021-12-11_18-23-10_(11).flac,-491577.5
140,flevopark_6_audio1_2021-12-11_20-46-20_(12).flac,-498083.0
141,flevopark_6_audio1_2021-12-12_05-00-00_(13).flac,-529787.5
142,flevopark_6_audio1_2021-12-12_07-23-10_(14).flac,-536988.0
143,flevopark_6_audio1_2021-12-12_16-00-00_(15).flac,-569387.5
144,flevopark_6_audio1_2021-12-12_18-23-10_(16).flac,-577977.5
145,flevopark_6_audio1_2021-12-12_20-46-20_(17).flac,-584483.0
146,flevopark_6_audio1_2021-12-13_05-00-00_(18).flac,-616187.5
147,flevopark_6_audio1_2021-12-13_07-23-10_(19).flac,-623388.0
148,flevopark_6_audio1_2021-12-13_16-00-00_(20).flac,-655787.5
149,flevopark_6_audio1_2021-12-13_18-23-10_(21).flac,-664377.5
150,flevopark_6_audio1_2021-12-13_20-46-20_(22).flac,-670883.0
151,flevopark_6_audio1_2021-12-14_05-00-00_(23).flac,-702587.5
152,flevopark_6_audio1_2021-12-14_07-23-10_(24).flac,-709788.0
153,flevopark_6_audio1_2021-12-14_16-00-00_(25).flac,-742187.5
154,flevopark_6_audio1_2021-12-14_18-23-10_(26).flac,-750777.5
155,flevopark_6_audio1_2021-12-14_20-46-20_(27).flac,-757283.0
156,flevopark_6_audio1_2021-12-15_05-00-00_(28).flac,-788555.35
157,flevopark_6_audio1_2021-12-15_16-00-00_(29).flac,-824973.65
158,flevopark_6_audio1_2021-12-16_05-00-00_(30).flac,-871545.95
159,flevopark_6_audio1_2021-12-16_16-00-00_(31).flac,-910984.15
160,flevopark_6_audio1_2021-12-19_05-00-00_(32).flac,-1130316.0
161,flevopark_6_audio1_2021-12-19_16-00-00_(33).flac,-1169906.85
162,flevopark_6_audio1_2021-12-20_05-00-00_(34).flac,-1216700.8
163,flevopark_6_audio1_2021-12-20_16-00-00_(35).flac,-1256295.8
164,flevopark_6_audio1_2021-12-21_05-00-00_(36).flac,-1303093.15
165,flevopark_7_audio1_2021-12-09_16-00-00_(0).flac,-1599069.5
166,flevopark_7_audio1_2021-12-09_18-23-10_(1).flac,-1607659.5
167,flevopark_7_audio1_2021-12-09_20-46-20_(2).flac,-1614165.0
168,flevopark_7_audio1_2021-12-10_05-00-00_(3).flac,-1645869.5
169,flevopark_8_audio1_2021-09-17_02-23-10_(1).flac,-20623.5
170,flevopark_8_audio1_2021-09-17_04-46-20_(2).flac,-29213.5
171,flevopark_8_audio1_2021-09-17_09-32-40_(4).flac,26040.5
172,flevopark_8_audio1_2021-09-17_00-00-00_(0).flac,-12033.5
173,flevopark_8_audio1_2021-09-17_07-09-30_(3).flac,34630.5
174,flevopark_8_audio1_2021-09-17_14-19-00_(7).flac,8860.5
175,flevopark_8_audio1_2021-09-17_23-51-40_(11).flac,-975.0
176,flevopark_8_audio1_2021-09-17_11-55-50_(6).flac,17450.5
177,flevopark_12_audio1_2021-11-18_20-46-20_(4).flac,1368004.0
178,flevopark_12_audio1_2021-11-18_18-23-10_(2).flac,1375442.7
179,flevopark_5_audio1_2021-11-18_20-46-20_(2).flac,251706.0
180,flevopark_12_audio1_2021-11-18_16-00-00_(1).flac,1383099.5
181,flevopark_12_audio1_2021-11-18_18-23-10_(3).flac,1374509.5
182,flevopark_12_audio1_2021-11-19_20-46-20_(11).flac,1281604.0
183,flevopark_5_audio1_2021-11-18_16-00-00_(0).flac,266801.5
184,flevopark_5_audio1_2021-11-18_18-23-10_(1).flac,258211.5
185,flevopark_5_audio1_2021-11-19_05-00-00_(3).flac,220001.5
186,flevopark_8_audio1_2021-11-18_18-23-10_(0).flac,-258148.5
187,flevopark_8_audio1_2021-11-18_20-46-20_(1).flac,-264654.0
188,flevopark_8_audio1_2021-11-19_07-23-10_(3).flac,-303559.0
189,flevopark_3_audio1_2021-11-18_16-00-00_(0).flac,-78325.15
190,flevopark_3_audio1_2021-11-19_05-00-00_(1).flac,-125088.0
191,flevopark_3_audio1_2021-11-19_16-00-00_(2).flac,130547.3
192,flevopark_3_audio1_2021-11-20_05-00-00_(3).flac,83785.15
193,flevopark_5_audio1_2022-01-17_20-46-20_(2).flac,-2952461.0
194,flevopark_5_audio1_2022-01-18_07-23-10_(4).flac,-2991366.0
195,flevopark_5_audio1_2022-01-18_20-46-20_(7).flac,-3038861.0
196,flevopark_5_audio1_2022-06-04_17-04-00_(3096).flac,-14860138.5
197,flevopark_5_audio1_2022-06-04_17-05-00_(3097).flac,-14860198.5
198,flevopark_5_audio1_2022-06-04_17-06-00_(3098).flac,-14860258.5
199,flevopark_5_audio1_2022-06-04_17-07-00_(3099).flac,-14860318.5
200,flevopark_5_audio1_2022-06-04_17-08-00_(3100).flac,-14860378.5
201,flevopark_5_audio1_2022-06-04_17-09-00_(3101).flac,-14860438.5
202,flevopark_5_audio1_2022-06-04_17-10-00_(3102).flac,-14860498.5
203,flevopark_5_audio1_2022-06-04_17-11-00_(3103).flac,-14860558.5
204,flevopark_5_audio1_2022-06-04_17-12-00_(3104).flac,-14860618.5
205,flevopark_5_audio1_2022-06-04_17-13-00_(3105).flac,-14860678.5
206,flevopark_5_audio1_2022-06-04_17-14-00_(3106).flac,-14860738.5
207,flevopark_5_audio1_2022-06-04_17-15-00_(3107).flac,-14860798.5
208,flevopark_5_audio1_2022-06-04_17-16-00_(3108).flac,-14860858.5
209,flevopark_5_audio1_2022-06-04_17-17-00_(3109).flac,-14860918.5
210,flevopark_5_audio1_2022-06-04_17-18-00_(3110).flac,-14860978.5
211,flevopark_5_audio1_2022-06-04_17-19-00_(3111).flac,-14861038.5
212,flevopark_5_audio1_2022-06-04_17-20-00_(3112).flac,-14861098.5
213,flevopark_5_audio1_2022-06-04_17-21-00_(3113).flac,-14861158.5
214,flevopark_5_audio1_2022-06-04_17-22-00_(3114).flac,-14861218.5
215,flevopark_5_audio1_2022-06-04_17-23-00_(3115).flac,-14861278.5
216,flevopark_5_audio1_2022-06-04_17-24-00_(3116).flac,-14861338.5
217,flevopark_5_audio1_2022-06-04_17-25-00_(3117).flac,-14861398.5
218,flevopark_5_audio1_2022-06-04_17-26-00_(3118).flac,-14861458.5
219,flevopark_5_audio1_2022-06-04_17-27-00_(3119).flac,-14861518.5
220,flevopark_5_audio1_2022-06-04_17-28-00_(3120).flac,-14861578.5
221,flevopark_5_audio1_2022-06-04_17-29-00_(3121).flac,-14861638.5
222,flevopark_5_audio1_2022-06-04_17-30-00_(3122).flac,-14861698.5
223,flevopark_5_audio1_2022-06-04_17-31-00_(3123).flac,-14861758.5
224,flevopark_5_audio1_2022-06-04_17-32-00_(3124).flac,-14861818.5
225,flevopark_5_audio1_2022-06-04_17-33-00_(3125).flac,-14861878.5
226,flevopark_5_audio1_2022-06-04_17-34-00_(3126).flac,-14861938.5
227,flevopark_5_audio1_2022-06-04_17-35-00_(3127).flac,-14861998.5
228,flevopark_5_audio1_2022-06-04_17-36-00_(3128).flac,-14862058.5
229,flevopark_5_audio1_2022-06-04_17-37-00_(3129).flac,-14862118.5
230,flevopark_5_audio1_2022-06-04_17-38-00_(3130).flac,-14862178.5
231,flevopark_5_audio1_2022-06-04_17-39-00_(3131).flac,-14862238.5
232,flevopark_5_audio1_2022-06-04_17-40-00_(3132).flac,-14862298.5
233,flevopark_5_audio1_2022-06-04_17-41-00_(3133).flac,-14862358.5
234,flevopark_5_audio1_2022-06-04_17-42-00_(3134).flac,-14862418.5
235,flevopark_5_audio1_2022-06-04_17-43-00_(3135).flac,-14862478.5
236,flevopark_5_audio1_2022-06-04_17-44-00_(3136).flac,-14862538.5
237,flevopark_5_audio1_2022-06-04_17-45-00_(3137).flac,-14862598.5
238,flevopark_5_audio1_2022-06-04_17-46-00_(3138).flac,-14862658.5
239,flevopark_5_audio1_2022-06-04_17-47-00_(3139).flac,-14862718.5
240,flevopark_5_audio1_2022-06-04_17-48-00_(3140).flac,-14862778.5
241,flevopark_5_audio1_2022-06-04_17-49-00_(3141).flac,-14862838.5
242,flevopark_5_audio1_2022-06-04_17-50-00_(3142).flac,-14862898.5
243,flevopark_5_audio1_2022-06-04_17-51-00_(3143).flac,-14862958.5
244,flevopark_5_audio1_2022-06-04_17-52-00_(3144).flac,-14863018.5
245,flevopark_5_audio1_2022-06-04_17-53-00_(3145).flac,-14863078.5
246,flevopark_5_audio1_2022-06-04_17-54-00_(3146).flac,-14863138.5
247,flevopark_5_audio1_2022-06-04_17-55-00_(3147).flac,-14863198.5
248,flevopark_5_audio1_2022-06-04_17-56-00_(3148).flac,-14863258.5
249,flevopark_5_audio1_2022-06-04_17-57-00_(3149).flac,-14863318.5
250,flevopark_5_audio1_2022-06-04_17-58-00_(3150).flac,-14863378.5
251,flevopark_5_audio1_2022-06-04_17-59-00_(3151).flac,-14863438.5
252,flevopark_5_audio1_2022-06-04_18-00-00_(3152).flac,-14863498.5
253,flevopark_5_audio1_2022-06-04_18-01-00_(3153).flac,-14863558.5
254,flevopark_5_audio1_2022-06-04_18-02-00_(3154).flac,-14863618.5
255,flevopark_5_audio1_2022-06-04_18-03-00_(3155).flac,-14863678.5
256,flevopark_5_audio1_2022-06-04_18-04-00_(3156).flac,-14863738.5
257,flevopark_5_audio1_2022-06-04_18-05-00_(3157).flac,-14863798.5
258,flevopark_5_audio1_2022-06-04_18-06-00_(3158).flac,-14863858.5
259,flevopark_5_audio1_2022-06-04_18-07-00_(3159).flac,-14863918.5
260,flevopark_5_audio1_2022-06-04_18-08-00_(3160).flac,-14863978.5
261,flevopark_5_audio1_2022-06-04_18-09-00_(3161).flac,-14864038.5
262,flevopark_5_audio1_2022-06-04_18-10-00_(3162).flac,-14864098.5
263,flevopark_5_audio1_2022-06-04_18-11-00_(3163).flac,-14864158.5
264,flevopark_5_audio1_2022-06-04_18-12-00_(3164).flac,-14864218.5
265,flevopark_5_audio1_2022-06-04_18-13-00_(3165).flac,-14864278.5
266,flevopark_5_audio1_2022-06-04_18-14-00_(3166).flac,-14864338.5
267,flevopark_5_audio1_2022-06-04_18-15-00_(3167).flac,-14864398.5
268,flevopark_5_audio1_2022-06-04_18-16-00_(3168).flac,-14864458.5
269,flevopark_5_audio1_2022-06-04_18-17-00_(3169).flac,-14864518.5
270,flevopark_5_audio1_2022-06-04_18-18-00_(3170).flac,-14864578.5
271,flevopark_5_audio1_2022-06-04_18-19-00_(3171).flac,-14864638.5
272,flevopark_5_audio1_2022-06-04_18-20-00_(3172).flac,-14864698.5
273,flevopark_5_audio1_2022-06-04_18-21-00_(3173).flac,-14864758.5
274,flevopark_5_audio1_2022-06-04_18-22-00_(3174).flac,-14864818.5
275,flevopark_5_audio1_2022-06-04_18-23-00_(3175).flac,-14864878.5
276,flevopark_5_audio1_2022-06-04_18-24-00_(3176).flac,-14864938.5
277,flevopark_5_audio1_2022-06-04_18-25-00_(3177).flac,-14864998.5
278,flevopark_5_audio1_2022-06-04_18-26-00_(3178).flac,-14865058.5
279,flevopark_5_audio1_2022-06-04_18-27-00_(3179).flac,-14865118.5
280,flevopark_5_audio1_2022-06-04_18-28-00_(3180).flac,-14865178.5
281,flevopark_5_audio1_2022-06-04_18-29-00_(3181).flac,-14865238.5
282,flevopark_5_audio1_2022-06-04_18-30-00_(3182).flac,-14865298.5
283,flevopark_5_audio1_2022-06-04_18-31-00_(3183).flac,-14865358.5
284,flevopark_5_audio1_2022-06-04_18-32-00_(3184).flac,-14865418.5
285,flevopark_5_audio1_2022-06-04_18-33-00_(3185).flac,-14865478.5
286,flevopark_5_audio1_2022-06-04_18-34-00_(3186).flac,-14865538.5
287,flevopark_5_audio1_2022-06-04_18-35-00_(3187).flac,-14865598.5
288,flevopark_5_audio1_2022-06-04_18-36-00_(3188).flac,-14865658.5
289,flevopark_5_audio1_2022-06-04_18-37-00_(3189).flac,-14865718.5
290,flevopark_5_audio1_2022-06-04_18-38-00_(3190).flac,-14865778.5
291,flevopark_5_audio1_2022-06-04_18-39-00_(3191).flac,-14865838.5
292,flevopark_5_audio1_2022-06-04_18-40-00_(3192).flac,-14865898.5
293,flevopark_5_audio1_2022-06-04_18-41-00_(3193).flac,-14865958.5
294,flevopark_5_audio1_2022-06-04_18-42-00_(3194).flac,-14866018.5
295,flevopark_5_audio1_2022-06-04_18-43-00_(3195).flac,-14866078.5
296,flevopark_5_audio1_2022-06-04_18-44-00_(3196).flac,-14866138.5
297,flevopark_5_audio1_2022-06-04_18-45-00_(3197).flac,-14866198.5
298,flevopark_5_audio1_2022-06-04_18-46-00_(3198).flac,-14866258.5
299,flevopark_5_audio1_2022-06-04_18-47-00_(3199).flac,-14866318.5
300,flevopark_5_audio1_2022-06-04_18-48-00_(3200).flac,-14866378.5
301,flevopark_5_audio1_2022-06-04_18-49-00_(3201).flac,-14866438.5
302,flevopark_5_audio1_2022-06-04_18-50-00_(3202).flac,-14866498.5
303,flevopark_5_audio1_2022-06-04_18-51-00_(3203).flac,-14866558.5
304,flevopark_5_audio1_2022-06-04_18-52-00_(3204).flac,-14866618.5
305,flevopark_5_audio1_2022-06-04_18-53-00_(3205).flac,-14866678.5
306,flevopark_5_audio1_2022-06-04_18-54-00_(3206).flac,-14866738.5
307,flevopark_5_audio1_2022-06-04_18-55-00_(3207).flac,-14866798.5
308,flevopark_5_audio1_2022-06-04_18-56-00_(3208).flac,-14866858.5
309,flevopark_5_audio1_2022-06-04_18-57-00_(3209).flac,-14866918.5
310,flevopark_5_audio1_2022-06-04_18-58-00_(3210).flac,-14866978.5
311,flevopark_5_audio1_2022-06-04_18-59-00_(3211).flac,-14867038.5
312,flevopark_5_audio1_2022-06-04_19-00-00_(3212).flac,-14867098.5
313,flevopark_5_audio1_2022-06-04_19-01-00_(3213).flac,-14867158.5
314,flevopark_5_audio1_2022-06-04_19-02-00_(3214).flac,-14867218.5
315,flevopark_5_audio1_2022-06-04_19-03-00_(3215).flac,-14867278.5
316,flevopark_5_audio1_2022-06-04_19-04-00_(3216).flac,-14867338.5
317,flevopark_5_audio1_2022-06-04_19-05-00_(3217).flac,-14867398.5
318,flevopark_5_audio1_2022-06-04_19-06-00_(3218).flac,-14867458.5
319,flevopark_5_audio1_2022-06-04_19-07-00_(3219).flac,-14867518.5
320,flevopark_5_audio1_2022-06-04_19-08-00_(3220).flac,-14867578.5
321,flevopark_5_audio1_2022-06-04_19-09-00_(3221).flac,-14867638.5
322,flevopark_5_audio1_2022-06-04_19-10-00_(3222).flac,-14867698.5
323,flevopark_5_audio1_2022-06-04_19-11-00_(3223).flac,-14867758.5
324,flevopark_5_audio1_2022-06-04_19-12-00_(3224).flac,-14867818.5
325,flevopark_5_audio1_2022-06-04_19-13-00_(3225).flac,-14867878.5
326,flevopark_5_audio1_2022-06-04_19-14-00_(3226).flac,-14867938.5
327,flevopark_5_audio1_2022-06-04_19-15-00_(3227).flac,-14867998.5
328,flevopark_5_audio1_2022-06-04_19-16-00_(3228).flac,-14868058.5
329,flevopark_5_audio1_2022-06-04_19-17-00_(3229).flac,-14868118.5
330,flevopark_5_audio1_2022-06-04_19-18-00_(3230).flac,-14868178.5
331,flevopark_5_audio1_2022-06-04_19-19-00_(3231).flac,-14868238.5
332,flevopark_5_audio1_2022-06-04_19-20-00_(3232).flac,-14868298.5
333,flevopark_5_audio1_2022-06-04_19-21-00_(3233).flac,-14868358.5
334,flevopark_5_audio1_2022-06-04_19-22-00_(3234).flac,-14868418.5
335,flevopark_5_audio1_2022-06-04_19-23-00_(3235).flac,-14868478.5
336,flevopark_5_audio1_2022-06-04_19-24-00_(3236).flac,-14868538.5
337,flevopark_5_audio1_2022-06-04_19-25-00_(3237).flac,-14868598.5
338,flevopark_5_audio1_2022-06-04_19-26-00_(3238).flac,-14868658.5
339,flevopark_5_audio1_2022-06-04_19-27-00_(3239).flac,-14868718.5
340,flevopark_5_audio1_2022-06-04_19-28-00_(3240).flac,-14868778.5
341,flevopark_5_audio1_2022-06-04_19-29-00_(3241).flac,-14868838.5
342,flevopark_5_audio1_2022-06-04_19-30-00_(3242).flac,-14868898.5
343,flevopark_5_audio1_2022-06-04_19-31-00_(3243).flac,-14868958.5
344,flevopark_5_audio1_2022-06-04_19-32-00_(3244).flac,-14869018.5
345,flevopark_5_audio1_2022-06-04_19-33-00_(3245).flac,-14869078.5
346,flevopark_5_audio1_2022-06-04_19-34-00_(3246).flac,-14869138.5
347,flevopark_5_audio1_2022-06-04_19-35-00_(3247).flac,-14869198.5
348,flevopark_5_audio1_2022-06-04_19-36-00_(3248).flac,-14869258.5
349,flevopark_5_audio1_2022-06-04_19-37-00_(3249).flac,-14869318.5
350,flevopark_5_audio1_2022-06-04_19-38-00_(3250).flac,-14869378.5
351,flevopark_5_audio1_2022-06-04_19-39-00_(3251).flac,-14869438.5
352,flevopark_5_audio1_2022-06-04_19-40-00_(3252).flac,-14869498.5
353,flevopark_5_audio1_2022-06-04_19-41-00_(3253).flac,-14869558.5
354,flevopark_5_audio1_2022-06-04_19-42-00_(3254).flac,-14869618.5
355,flevopark_5_audio1_2022-06-04_19-43-00_(3255).flac,-14869678.5
356,flevopark_5_audio1_2022-06-04_19-44-00_(3256).flac,-14869738.5
357,flevopark_5_audio1_2022-06-04_19-45-00_(3257).flac,-14869798.5
358,flevopark_5_audio1_2022-06-04_19-46-00_(3258).flac,-14869858.5
359,flevopark_5_audio1_2022-06-04_19-47-00_(3259).flac,-14869918.5
360,flevopark_5_audio1_2022-06-04_19-48-00_(3260).flac,-14869978.5
361,flevopark_5_audio1_2022-06-04_19-49-00_(3261).flac,-14870038.5
362,flevopark_5_audio1_2022-06-04_19-50-00_(3262).flac,-14870098.5
363,flevopark_5_audio1_2022-06-04_19-51-00_(3263).flac,-14870158.5
364,flevopark_5_audio1_2022-06-04_19-52-00_(3264).flac,-14870218.5
365,flevopark_5_audio1_2022-06-04_19-53-00_(3265).flac,-14870278.5
366,flevopark_5_audio1_2022-06-04_19-54-00_(3266).flac,-14870338.5
367,flevopark_5_audio1_2022-06-04_19-55-00_(3267).flac,-14870398.5
368,flevopark_5_audio1_2022-06-04_19-56-00_(3268).flac,-14870458.5
369,flevopark_5_audio1_2022-06-04_19-57-00_(3269).flac,-14870518.5
370,flevopark_5_audio1_2022-06-04_19-58-00_(3270).flac,-14870578.5
371,flevopark_5_audio1_2022-06-04_19-59-00_(3271).flac,-14870638.5
372,flevopark_5_audio1_2022-06-04_20-00-00_(3272).flac,-14870698.5
373,flevopark_5_audio1_2022-06-04_20-01-00_(3273).flac,-14870758.5
374,flevopark_5_audio1_2022-06-04_20-02-00_(3274).flac,-14870818.5
375,flevopark_5_audio1_2022-06-04_20-03-00_(3275).flac,-14870878.5
376,flevopark_5_audio1_2022-06-04_20-04-00_(3276).flac,-14870938.5
377,flevopark_5_audio1_2022-06-04_20-05-00_(3277).flac,-14870998.5
378,flevopark_5_audio1_2022-06-04_20-06-00_(3278).flac,-14871058.5
379,flevopark_5_audio1_2022-06-04_20-07-00_(3279).flac,-14871118.5
380,flevopark_5_audio1_2022-06-04_20-08-00_(3280).flac,-14871178.5
381,flevopark_5_audio1_2022-06-04_20-09-00_(3281).flac,-14871238.5
382,flevopark_5_audio1_2022-06-04_20-10-00_(3282).flac,-14871298.5
383,flevopark_5_audio1_2022-06-04_20-11-00_(3283).flac,-14871358.5
384,flevopark_5_audio1_2022-06-04_20-12-00_(3284).flac,-14871418.5
385,flevopark_5_audio1_2022-06-04_20-13-00_(3285).flac,-14871478.5
386,flevopark_5_audio1_2022-06-04_20-14-00_(3286).flac,-14871538.5
387,flevopark_5_audio1_2022-06-04_20-15-00_(3287).flac,-14871598.5
388,flevopark_5_audio1_2022-06-04_20-16-00_(3288).flac,-14871658.5
389,flevopark_5_audio1_2022-06-04_20-17-00_(3289).flac,-14871718.5
390,flevopark_5_audio1_2022-06-04_20-18-00_(3290).flac,-14871778.5
391,flevopark_5_audio1_2022-06-04_20-19-00_(3291).flac,-14871838.5
392,flevopark_5_audio1_2022-06-04_20-20-00_(3292).flac,-14871898.5
393,flevopark_5_audio1_2022-06-04_20-21-00_(3293).flac,-14871958.5
394,flevopark_5_audio1_2022-06-04_20-22-00_(3294).flac,-14872018.5
395,flevopark_5_audio1_2022-06-04_20-23-00_(3295).flac,-14872078.5
396,flevopark_5_audio1_2022-06-04_20-24-00_(3296).flac,-14872138.5
397,flevopark_5_audio1_2022-06-04_20-25-00_(3297).flac,-14872198.5
398,flevopark_5_audio1_2022-06-04_20-26-00_(3298).flac,-14872258.5
399,flevopark_5_audio1_2022-06-04_20-27-00_(3299).flac,-14872318.5
400,flevopark_5_audio1_2022-06-04_20-28-00_(3300).flac,-14872378.5
401,flevopark_5_audio1_2022-06-04_20-29-00_(3301).flac,-14872438.5
402,flevopark_5_audio1_2022-06-04_20-30-00_(3302).flac,-14872498.5
403,flevopark_5_audio1_2022-06-04_20-31-00_(3303).flac,-14872558.5
404,flevopark_5_audio1_2022-06-04_20-32-00_(3304).flac,-14872618.5
405,flevopark_5_audio1_2022-06-04_20-33-00_(3305).flac,-14872678.5
406,flevopark_5_audio1_2022-06-04_20-34-00_(3306).flac,-14872738.5
407,flevopark_5_audio1_2022-06-04_20-35-00_(3307).flac,-14872798.5
408,flevopark_5_audio1_2022-06-04_20-36-00_(3308).flac,-14872858.5
409,flevopark_5_audio1_2022-06-04_20-37-00_(3309).flac,-14872918.5
410,flevopark_5_audio1_2022-06-04_20-38-00_(3310).flac,-14872978.5
411,flevopark_5_audio1_2022-06-04_20-39-00_(3311).flac,-14873038.5
412,flevopark_5_audio1_2022-06-04_20-40-00_(3312).flac,-14873098.5
413,flevopark_5_audio1_2022-06-04_20-41-00_(3313).flac,-14873158.5
414,flevopark_5_audio1_2022-06-04_20-42-00_(3314).flac,-14873218.5
415,flevopark_5_audio1_2022-06-04_20-43-00_(3315).flac,-14873278.5
416,flevopark_5_audio1_2022-06-04_20-44-00_(3316).flac,-14873338.5
417,flevopark_5_audio1_2022-06-04_20-45-00_(3317).flac,-14873398.5
418,flevopark_5_audio1_2022-06-04_20-46-00_(3318).flac,-14873458.5
419,flevopark_5_audio1_2022-06-04_20-47-00_(3319).flac,-14873518.5
420,flevopark_5_audio1_2022-06-04_20-48-00_(3320).flac,-14873578.5
421,flevopark_5_audio1_2022-06-04_20-49-00_(3321).flac,-14873638.5
422,flevopark_5_audio1_2022-06-04_20-50-00_(3322).flac,-14873698.5
423,flevopark_5_audio1_2022-06-04_20-51-00_(3323).flac,-14873758.5
424,flevopark_5_audio1_2022-06-04_20-52-00_(3324).flac,-14873818.5
425,flevopark_5_audio1_2022-06-04_20-53-00_(3325).flac,-14873878.5
426,flevopark_5_audio1_2022-06-04_20-54-00_(3326).flac,-14873938.5
427,flevopark_5_audio1_2022-06-04_20-55-00_(3327).flac,-14873998.5
428,flevopark_5_audio1_2022-06-04_20-56-00_(3328).flac,-14874058.5
429,flevopark_5_audio1_2022-06-04_20-57-00_(3329).flac,-14874118.5
430,flevopark_5_audio1_2022-06-04_20-58-00_(3330).flac,-14874154.75
431,flevopark_5_audio1_2022-06-04_20-59-00_(3331).flac,-14874238.5
432,flevopark_5_audio1_2022-06-04_21-00-00_(3332).flac,-14874298.5
433,flevopark_5_audio1_2022-06-04_21-01-00_(3333).flac,-14874332.6
434,flevopark_5_audio1_2022-06-04_21-02-00_(3334).flac,-14874418.5
435,flevopark_5_audio1_2022-06-04_21-03-00_(3335).flac,-14874478.5
436,flevopark_5_audio1_2022-06-04_21-04-00_(3336).flac,-14874513.75
437,flevopark_5_audio1_2022-06-04_21-05-00_(3337).flac,-14874598.5
438,flevopark_5_audio1_2022-06-04_21-06-00_(3338).flac,-14874640.0
439,flevopark_5_audio1_2022-06-04_21-07-00_(3339).flac,-14874718.5
440,flevopark_5_audio1_2022-06-04_21-08-00_(3340).flac,-14874761.2
441,flevopark_5_audio1_2022-06-04_21-09-00_(3341).flac,-14874829.85
442,flevopark_5_audio1_2022-06-04_21-10-00_(3342).flac,-14874889.85
443,flevopark_5_audio1_2022-06-04_21-11-00_(3343).flac,-14874937.25
444,flevopark_5_audio1_2022-06-04_21-12-00_(3344).flac,-14875009.85
445,flevopark_5_audio1_2022-06-04_21-13-00_(3345).flac,-14875057.25
446,flevopark_5_audio1_2022-06-04_21-14-00_(3346).flac,-14875118.5
447,flevopark_5_audio1_2022-06-04_21-15-00_(3347).flac,-14875188.65
448,flevopark_5_audio1_2022-06-04_21-16-00_(3348).flac,-14875249.85
449,flevopark_5_audio1_2022-06-04_21-17-00_(3349).flac,-14875297.25
450,flevopark_5_audio1_2022-06-04_21-18-00_(3350).flac,-14875368.3
451,flevopark_5_audio1_2022-06-04_21-19-00_(3351).flac,-14875418.8
452,flevopark_5_audio1_2022-06-04_21-20-00_(3352).flac,-14875477.25
453,flevopark_5_audio1_2022-06-04_21-21-00_(3353).flac,-14875549.85
454,flevopark_5_audio1_2022-06-04_21-23-01_(3356).flac,-14875661.4
455,flevopark_5_audio1_2022-06-04_21-24-00_(3355).flac,-14875717.25
456,flevopark_5_audio1_2022-06-04_21-25-00_(3357).flac,-14875782.4
457,flevopark_5_audio1_2022-06-04_21-26-00_(3358).flac,-14875832.1
458,flevopark_5_audio1_2022-06-04_21-27-00_(3359).flac,-14875909.85
459,flevopark_5_audio1_2022-06-04_21-28-00_(3360).flac,-14875951.2
460,flevopark_5_audio1_2022-06-04_21-29-00_(3361).flac,-14876027.25
461,flevopark_5_audio1_2022-06-04_21-30-00_(3362).flac,-14876076.9
462,flevopark_5_audio1_2022-06-04_21-31-00_(3363).flac,-14876139.25
463,flevopark_5_audio1_2022-06-04_21-32-00_(3364).flac,-14876198.0
464,flevopark_5_audio1_2022-06-04_21-33-00_(3365).flac,-14876266.35
465,flevopark_5_audio1_2022-06-04_21-34-00_(3366).flac,-14876314.5
466,flevopark_5_audio1_2022-06-04_21-35-00_(3367).flac,-14876377.25
467,flevopark_5_audio1_2022-06-04_21-36-00_(3368).flac,-14876437.25
468,flevopark_5_audio1_2022-06-04_21-37-00_(3369).flac,-14876497.3
469,flevopark_5_audio1_2022-06-04_21-39-00_(3371).flac,-14876614.5
470,flevopark_5_audio1_2022-06-04_21-42-01_(3375).flac,-14876795.5
471,flevopark_5_audio1_2022-06-04_21-44-00_(3376).flac,-14876911.75
472,flevopark_5_audio1_2022-06-04_21-45-00_(3377).flac,-14876977.3
473,flevopark_5_audio1_2022-06-04_21-46-00_(3378).flac,-14877041.65
474,flevopark_5_audio1_2022-06-04_21-47-00_(3379).flac,-14877098.05
475,flevopark_5_audio1_2022-06-04_21-48-00_(3380).flac,-14877152.1
476,flevopark_5_audio1_2022-06-04_21-50-00_(3382).flac,-14877276.9
477,flevopark_5_audio1_2022-06-04_21-51-00_(3383).flac,-14877336.9
478,flevopark_5_audio1_2022-06-04_21-52-00_(3384).flac,-14877392.1
479,flevopark_5_audio1_2022-06-04_21-55-01_(3388).flac,-14877575.95
480,flevopark_5_audio1_2022-06-04_21-56-00_(3387).flac,-14877635.7
481,flevopark_5_audio1_2022-06-04_21-57-00_(3389).flac,-14877696.9
482,flevopark_5_audio1_2022-06-04_21-58-00_(3390).flac,-14877759.2
483,flevopark_5_audio1_2022-06-04_21-59-00_(3391).flac,-14877816.9
484,flevopark_5_audio1_2022-06-05_06-00-00_(3392).flac,-14906698.5
485,flevopark_5_audio1_2022-06-05_06-01-00_(3393).flac,-14906758.5
486,flevopark_5_audio1_2022-06-05_06-02-00_(3394).flac,-14906818.5
487,flevopark_5_audio1_2022-06-05_06-03-00_(3395).flac,-14906878.5
488,flevopark_5_audio1_2022-06-05_06-04-00_(3396).flac,-14906938.5
489,flevopark_5_audio1_2022-06-05_06-05-00_(3397).flac,-14906998.5
490,flevopark_5_audio1_2022-06-05_06-06-00_(3398).flac,-14907058.5
491,flevopark_5_audio1_2022-06-05_06-07-00_(3399).flac,-14907118.5
492,flevopark_5_audio1_2022-06-05_06-08-00_(3400).flac,-14907178.5
493,flevopark_5_audio1_2022-06-05_06-09-00_(3401).flac,-14907238.5
494,flevopark_5_audio1_2022-06-05_06-10-00_(3402).flac,-14907291.95
495,flevopark_5_audio1_2022-06-05_06-11-00_(3403).flac,-14907343.55
496,flevopark_5_audio1_2022-06-05_06-12-00_(3404).flac,-14907397.3
497,flevopark_5_audio1_2022-06-05_06-13-00_(3405).flac,-14907466.3
498,flevopark_5_audio1_2022-06-05_06-14-00_(3406).flac,-14907514.5
499,flevopark_5_audio1_2022-06-05_06-16-01_(3409).flac,-14907633.15
500,flevopark_5_audio1_2022-06-05_06-17-00_(3408).flac,-14907704.0
501,flevopark_5_audio1_2022-06-05_06-19-01_(3412).flac,-14907814.35
502,flevopark_5_audio1_2022-06-05_06-20-00_(3411).flac,-14907876.65
503,flevopark_5_audio1_2022-06-05_06-21-00_(3413).flac,-14907937.35
504,flevopark_5_audio1_2022-06-05_06-22-00_(3414).flac,-14907997.85
505,flevopark_5_audio1_2022-06-05_06-23-00_(3415).flac,-14908051.2
506,flevopark_5_audio1_2022-06-05_06-25-01_(3418).flac,-14908178.75
507,flevopark_5_audio1_2022-06-05_06-26-00_(3417).flac,-14908233.6
508,flevopark_5_audio1_2022-06-05_06-27-01_(3420).flac,-14908295.55
509,flevopark_5_audio1_2022-06-05_06-28-00_(3419).flac,-14908355.7
510,flevopark_5_audio1_2022-06-05_06-31-01_(3424).flac,-14908535.05
511,flevopark_5_audio1_2022-06-05_06-32-00_(3423).flac,-14908595.7
512,flevopark_5_audio1_2022-06-05_06-33-00_(3425).flac,-14908653.2
513,flevopark_5_audio1_2022-06-05_06-34-00_(3426).flac,-14908715.85
514,flevopark_5_audio1_2022-06-05_06-38-01_(3431).flac,-14908955.7
515,flevopark_5_audio1_2022-06-05_06-39-00_(3430).flac,-14909012.5
516,flevopark_5_audio1_2022-06-05_06-40-00_(3432).flac,-14909075.35
517,flevopark_5_audio1_2022-06-05_06-48-00_(3440).flac,-14909552.15
518,flevopark_5_audio1_2022-06-05_06-49-00_(3441).flac,-14909616.9
519,flevopark_5_audio1_2022-06-05_06-50-00_(3442).flac,-14909675.7
520,flevopark_5_audio1_2022-06-05_06-51-00_(3443).flac,-14909735.7
521,flevopark_5_audio1_2022-06-05_06-52-00_(3444).flac,-14909793.3
522,flevopark_5_audio1_2022-06-05_06-53-00_(3445).flac,-14909855.1
523,flevopark_5_audio1_2022-06-05_06-54-00_(3446).flac,-14909912.75
524,flevopark_5_audio1_2022-06-05_06-55-00_(3447).flac,-14909973.35
525,flevopark_5_audio1_2022-06-05_06-57-01_(3450).flac,-14910092.3
526,flevopark_5_audio1_2022-06-05_06-58-00_(3449).flac,-14910152.6
527,flevopark_5_audio1_2022-06-05_07-00-01_(3452).flac,-14910272.55
528,flevopark_5_audio1_2022-06-05_07-01-01_(3453).flac,-14910332.4
529,flevopark_5_audio1_2022-06-05_07-01-01_(3454).flac,-14910332.4
530,flevopark_5_audio1_2022-06-05_07-02-01_(3456).flac,-14910392.25
531,flevopark_5_audio1_2022-06-05_07-05-00_(3458).flac,-14910571.15
532,flevopark_5_audio1_2022-06-05_07-07-00_(3460).flac,-14910691.4
533,flevopark_5_audio1_2022-06-05_07-13-01_(3467).flac,-14911053.2
534,flevopark_5_audio1_2022-06-05_07-14-00_(3466).flac,-14911112.7
535,flevopark_5_audio1_2022-06-05_07-15-00_(3468).flac,-14911173.4
536,flevopark_5_audio1_2022-06-05_07-16-00_(3469).flac,-14911233.35
537,flevopark_5_audio1_2022-06-05_07-17-00_(3470).flac,-14911294.5
538,flevopark_5_audio1_2022-06-05_07-18-00_(3471).flac,-14911353.35
539,flevopark_5_audio1_2022-06-05_07-19-00_(3472).flac,-14911413.35
540,flevopark_5_audio1_2022-06-05_07-20-00_(3473).flac,-14911471.5
541,flevopark_5_audio1_2022-06-05_07-21-00_(3474).flac,-14911532.7
542,flevopark_5_audio1_2022-06-05_07-22-00_(3475).flac,-14911592.25
543,flevopark_5_audio1_2022-06-05_07-23-00_(3476).flac,-14911653.3
544,flevopark_5_audio1_2022-06-05_16-00-00_(3753).flac,-14942698.5
545,flevopark_5_audio1_2022-06-05_16-01-00_(3754).flac,-14942758.5
546,flevopark_5_audio1_2022-06-05_16-02-00_(3755).flac,-14942818.5
547,flevopark_5_audio1_2022-06-05_16-03-00_(3756).flac,-14942878.5
548,flevopark_5_audio1_2022-06-05_16-04-00_(3757).flac,-14942914.15
549,flevopark_5_audio1_2022-06-05_16-05-00_(3758).flac,-14942981.6
550,flevopark_5_audio1_2022-06-05_16-06-00_(3759).flac,-14943032.9
551,flevopark_5_audio1_2022-06-05_16-07-00_(3760).flac,-14943096.1
552,flevopark_5_audio1_2022-06-05_16-08-00_(3761).flac,-14943152.1
553,flevopark_5_audio1_2022-06-05_16-09-00_(3762).flac,-14943218.1
554,flevopark_5_audio1_2022-06-05_16-10-00_(3763).flac,-14943274.5
555,flevopark_5_audio1_2022-06-05_16-11-00_(3764).flac,-14943332.1
556,flevopark_5_audio1_2022-06-05_16-12-00_(3765).flac,-14943391.75
557,flevopark_5_audio1_2022-06-05_16-13-00_(3766).flac,-14943452.6
558,flevopark_5_audio1_2022-06-05_16-14-00_(3767).flac,-14943514.5
559,flevopark_5_audio1_2022-06-05_16-15-00_(3768).flac,-14943572.1
560,flevopark_5_audio1_2022-06-05_16-17-01_(3771).flac,-14943693.2
561,flevopark_5_audio1_2022-06-05_16-18-00_(3770).flac,-14943751.15
562,flevopark_7_audio1_2021-11-18_16-00-00_(0).flac,215330.5
563,flevopark_7_audio1_2021-11-18_18-23-10_(1).flac,206740.5
564,flevopark_7_audio1_2021-11-18_20-46-20_(2).flac,200235.0
565,flevopark_7_audio1_2021-11-19_05-00-00_(3).flac,168530.5
566,flevopark_7_audio1_2021-11-19_07-23-10_(4).flac,161330.0
567,flevopark_12_audio1_2021-11-19_07-23-10_(6).flac,1329099.0
568,flevopark_12_audio1_2021-11-19_05-00-00_(5).flac,1336299.5
569,flevopark_12_audio1_2021-11-19_16-00-00_(7).flac,1296699.5
570,flevopark_12_audio1_2021-11-19_18-23-10_(8).flac,1288109.5
571,flevopark_5_audio1_2021-11-19_07-23-10_(4).flac,212801.0
572,flevopark_5_audio1_2021-11-19_20-46-20_(7).flac,165306.0
573,flevopark_5_audio1_2021-11-19_16-00-00_(5).flac,180401.5
574,flevopark_5_audio1_2021-11-19_18-23-10_(6).flac,171811.5
575,flevopark_7_audio1_2021-11-19_20-46-20_(7).flac,113835.0
576,flevopark_7_audio1_2021-11-19_16-00-00_(5).flac,128930.5
577,flevopark_7_audio1_2021-11-19_18-23-10_(6).flac,120340.5
578,flevopark_8_audio1_2021-11-19_05-00-00_(2).flac,-296358.5
579,flevopark_8_audio1_2021-11-19_16-00-00_(4).flac,-335958.5
580,flevopark_8_audio1_2021-11-19_18-23-10_(5).flac,-344548.5
581,flevopark_8_audio1_2021-11-19_20-46-20_(6).flac,-351054.0
582,flevopark_12_audio1_2021-11-20_05-00-00_(12).flac,1249899.5
583,flevopark_12_audio1_2021-11-20_07-23-10_(11).flac,1242699.0
584,flevopark_12_audio1_2021-11-20_16-00-00_(0).flac,1210299.5
585,flevopark_12_audio1_2021-11-20_18-23-10_(1).flac,1201709.5
586,flevopark_12_audio1_2021-11-20_20-46-20_(2).flac,1195204.0
587,flevopark_5_audio1_2021-11-20_05-00-00_(8).flac,133601.5
588,flevopark_5_audio1_2021-11-20_07-23-10_(9).flac,126401.0
589,flevopark_5_audio1_2021-11-20_16-00-00_(10).flac,94001.5
590,flevopark_5_audio1_2021-11-20_18-23-10_(11).flac,85411.5
591,flevopark_5_audio1_2021-11-20_20-46-20_(12).flac,78906.0
